{"type": "block", "layer": 1, "block": 0, "features": [{"geom": {"pts": [[389.8913173954934, 95.98457393050194, 9.408087730407715]], "rotateX": 0, "rotateY": 0, "rotateZ": 0, "scale": 1.58}, "model": 0}, {"geom": {"pts": [[-175.6914439536631, -126.87542083859444, 7.5376105308532715]], "rotateX": 0, "rotateY": 0, "rotateZ": 0, "scale": 1.58}, "model": 0}, {"geom": {"pts": [[-190.1048866957426, -140.08045135438442, 7.062896251678467]], "rotateX": 0, "rotateY": 0, "rotateZ": 0, "scale": 1.58}, "model": 0}, {"geom": {"pts": [[-139.2053720075637, -148.98366679623723, 7.569711685180664]], "rotateX": 0, "rotateY": 0, "rotateZ": 0, "scale": 1.58}, "model": 0}], "featureCount": 4, "startIndex": 0}